col1,col2,col3,col4,col5,col6,col7
0.00063,0.00553,-8e-05,0.00552,-0.01157,0.00013,-3e-05
-0.0004,0.00687,-0.02405,0.04263,-0.02114,-0.00279,-0.00107
-0.00128,0.00792,-0.04965,0.07911,-0.03308,-0.00494,0.0
-0.00102,0.009,-0.0616,0.10518,-0.03969,-0.01003,-0.00274
-0.0005,0.00765,-0.04684,0.07969,-0.03176,-0.00719,-0.00131
-0.00114,0.0053,-0.01696,0.03168,-0.01717,-0.00248,-0.0003
0.00079,0.00488,0.00454,0.00079,-0.0093,-0.00035,-0.00076
