col1,col2,col3,col4,col5,col6,col7
-0.00094,-0.00111,0.00123,-0.00058,-0.00052,-0.00015,0.00091
0.00577,-0.0072,-0.02168,-0.01421,0.00155,0.00077,-0.00055
0.00439,0.04196,0.05632,-0.00063,-0.03629,-0.01787,-0.00299
-0.01473,-0.03858,-0.00469,0.09211,0.09039,0.01701,-0.00522
0.00119,-0.00284,-0.03889,-0.07764,-0.03649,0.01506,0.01516
0.0015,0.00081,0.00553,0.00168,-0.01098,-0.01423,-0.00444
0.00034,-0.00022,0.00043,-0.00221,-0.00049,0.00055,0.00026
