col1,col2,col3,col4,col5,col6,col7
0.00155,0.01912,-0.03086,0.01814,0.00662,0.00055,0.00311
0.01733,0.02135,-0.03519,0.00186,-0.0104,0.01197,0.02624
-0.03222,-0.03695,0.04322,0.12772,0.05107,-0.04208,-0.03458
0.02169,0.00274,0.12363,0.30007,0.17992,-0.00374,0.00202
0.00656,-0.00819,0.04998,0.1798,0.09198,-0.02058,-0.00405
-0.00158,0.01052,-0.04159,-0.00333,-0.02103,-0.01392,0.00766
0.00433,0.02598,-0.03333,1e-04,-0.00543,0.00874,0.02016
