col1,col2,col3,col4,col5,col6,col7
0.00064,0.00166,-0.00162,0.00195,-7e-05,-0.00242,-0.00097
-0.00129,0.00499,-0.00663,-0.02918,-0.02558,-0.00078,0.00643
-0.01431,-0.0353,-0.02948,0.0478,0.07449,0.02874,-0.00301
0.00411,0.05171,0.09111,0.03654,-0.04016,-0.03049,-0.00695
0.01543,-0.00756,-0.05551,-0.05889,-0.01297,0.00321,0.00136
-0.00556,-0.00729,0.00236,0.00559,-0.00083,-0.00016,0.00068
0.00122,-0.00074,-0.00221,-0.00145,0.00033,0.0003,2e-05
