col1,col2,col3,col4,col5,col6,col7
0.00216,0.00311,-0.00167,-0.0011,0.00106,-0.00063,-0.00166
-0.00829,0.00958,0.03458,0.02822,0.0019,-0.00182,0.0018
-0.00467,-0.05009,-0.07129,-0.01339,0.03902,0.02405,0.00522
0.01912,0.04417,0.0226,-0.07528,-0.09163,-0.02867,0.00084
-0.00411,-0.00405,0.02037,0.06195,0.04162,-0.0015,-0.01075
-0.00116,0.00045,-0.00162,-0.00319,0.00197,0.00742,0.00323
-0.00094,0.00037,-0.00072,0.00268,0.00176,0.00081,-0.00072
