col1,col2,col3,col4,col5,col6,col7
-4e-05,-0.00019,0.00065,-0.00046,-0.00018,0.00048,-0.00034
0.00138,0.00319,0.00649,0.00666,0.00542,0.00388,0.00084
-0.00138,-0.00248,-0.0015,-0.00602,-0.0045,-0.00048,-0.0013
-0.01354,-0.03373,-0.05719,-0.07574,-0.06186,-0.02972,-0.01171
0.01402,0.03585,0.06187,0.08272,0.06666,0.03144,0.01201
-0.00104,-0.00358,-0.00858,-0.00813,-0.00662,-0.00421,-0.00048
0.00032,0.00029,-0.0005,0.00104,0.00095,-0.00062,0.00027
