col1,col2,col3,col4,col5,col6,col7
0.00131,0.00024,0.00091,0.00144,-0.00617,-0.00387,0.00369
0.00018,-0.00232,0.00569,-0.0281,-0.02274,0.01884,-7e-05
0.00116,0.00566,-0.03674,-0.0454,0.06903,0.00749,-0.00244
0.00132,-0.02863,-0.04499,0.09654,0.01227,-0.02277,-0.00228
-0.00598,-0.0227,0.06895,0.01208,-0.02776,-0.00048,-4e-05
-0.00435,0.01843,0.00695,-0.02274,-0.00046,-0.00078,-0.00039
0.00362,2e-05,-0.00225,-0.00238,-1e-05,-0.00018,2e-05
