col1,col2,col3,col4,col5,col6,col7
0.00061,-0.001,0.00125,-0.00075,-7e-05,-0.00062,-0.0005
0.0119,0.01766,0.02561,0.02871,0.02481,0.01577,0.01033
-0.00311,-0.02628,-0.04511,-0.06882,-0.05082,-0.02091,-0.00179
-0.01003,-0.00814,-0.00156,-0.00352,-0.00516,-0.00784,-0.01127
0.00702,0.01868,0.0275,0.03847,0.03062,0.01587,0.00686
-0.00359,-0.00249,-0.00415,-0.00053,-0.00109,-0.00248,-0.0028
-0.00163,0.00078,-0.00034,0.00237,0.00156,-0.00013,-0.00097
