col1,col2,col3,col4,col5,col6,col7
-0.00018,-0.00039,-0.00078,-0.0012,-0.00084,-0.00054,-7e-05
0.00071,0.00131,0.00144,0.0017,0.00158,0.00117,0.00081
0.00499,0.01301,0.02157,0.02611,0.02226,0.01347,0.00481
-0.01618,-0.03728,-0.05898,-0.07085,-0.06128,-0.03841,-0.01615
0.01309,0.02942,0.04636,0.05556,0.04837,0.03046,0.01317
-0.00112,-0.00353,-0.00614,-0.00755,-0.00639,-0.00366,-0.0009
-0.00136,-0.00253,-0.00362,-0.0043,-0.00387,-0.00261,-0.00136
