col1,col2,col3,col4,col5,col6,col7
0.00102,0.00208,0.0004,0.00023,0.00103,0.00027,-0.00043
-0.00729,-0.00015,0.01694,0.01679,0.00371,-0.00041,0.00085
0.00125,-0.02998,-0.05474,-0.02086,0.02065,0.01711,0.00268
0.01038,0.0393,0.03111,-0.03978,-0.06946,-0.02654,0.00285
-0.00398,-0.00823,0.01661,0.0584,0.04514,-0.00355,-0.01523
-0.00076,-0.00136,-0.00869,-0.01326,0.00114,0.01521,0.00887
-0.00012,-0.00126,-0.00139,-0.00093,-0.00186,-0.00203,-0.00029
