col1,col2,col3,col4,col5,col6,col7
0.00037,-0.00017,-0.00015,-0.00265,-0.00745,0.00597,0.00235
-0.00023,4e-05,-0.00579,-0.02078,0.02329,0.01427,-0.00804
-0.00028,-0.00584,-0.0287,0.04287,0.03651,-0.03109,-0.00282
-0.00272,-0.02084,0.04273,0.04972,-0.05852,-0.00851,0.00445
-0.00749,0.02311,0.03627,-0.05868,-0.01104,0.01002,0.0006
0.00606,0.01448,-0.03118,-0.00842,0.00977,0.00099,0.00114
0.00237,-0.00814,-0.00282,0.00447,0.00061,0.00118,-1e-05
