col1,col2,col3,col4,col5,col6,col7
0.00031,0.00289,-0.00238,0.00076,-0.00519,-0.00416,0.00178
0.00239,0.00651,-0.01103,0.01895,0.03184,0.02769,0.01601
-0.02394,-0.0057,0.0355,0.05332,-0.0098,-0.03195,-0.05345
0.03717,0.04395,0.013,-0.0594,-0.04482,0.0065,0.04085
-0.0073,-0.03568,-0.05166,-0.01774,0.00852,0.00024,-0.01104
-0.00625,0.00508,0.01179,0.01909,0.00039,0.00399,0.00086
0.00049,0.00271,-0.00696,0.00233,-0.00442,0.0033,-0.00165
