col1,col2,col3,col4,col5,col6,col7
0.00174,0.00163,0.00208,-0.00995,0.00436,-0.00271,0.00084
-0.00176,0.01258,0.03787,-0.03111,0.0039,-0.00021,0.00398
-0.01357,-0.03837,0.04617,0.04516,-0.03237,-0.00583,-0.00969
0.0135,-0.02714,-0.04401,0.05867,0.05732,-0.01916,0.01151
-0.00583,0.00365,-0.0323,-0.06371,0.0389,0.01521,-0.011
0.00473,-0.00148,0.01727,-0.02004,-0.01962,0.01091,0.00849
-0.00066,-0.00348,0.00528,-0.0057,-0.00193,-0.00599,-0.00013
