col1,col2,col3,col4,col5,col6,col7
0.00169,-0.01116,0.00811,0.0109,-0.00426,-0.00175,-0.00168
0.00402,-0.00404,-0.03029,0.04154,-0.00303,-0.00028,0.00123
-0.00065,0.02213,-0.07274,0.04205,0.0147,-0.00315,-0.00119
-0.00128,0.02508,-0.03774,-0.04469,0.06279,-0.00518,0.00248
0.00025,0.00271,0.02374,-0.08809,0.05456,-0.00286,0.00135
-0.00103,-0.00166,0.02385,-0.03782,0.00838,0.00522,0.00143
-0.00243,0.0027,0.0079,-0.00433,-0.01038,0.00391,-0.00089
