col1,col2,col3,col4,col5,col6,col7
0.00114,0.00358,-0.00683,-0.00232,-0.00106,0.00766,-0.0018
-0.00117,0.00797,-0.00863,-0.03799,0.03677,-0.00059,0.00111
-0.0005,0.01522,-0.0042,-0.05862,0.06162,-0.01023,6e-05
-0.00283,0.01653,-0.0049,-0.10041,0.10367,-0.01763,0.00689
-0.0005,0.01079,-0.00534,-0.07172,0.07037,-0.00822,0.00345
-0.00051,0.00921,-0.00466,-0.0197,0.02155,-0.00093,-0.00232
0.0016,0.00148,-0.00878,-0.00381,-0.00107,0.00985,-0.00114
