col1,col2,col3,col4,col5,col6,col7
-0.00064,0.00632,-0.02797,0.01923,0.00317,-0.00092,0.00094
-0.00353,0.02816,-0.05504,0.01815,0.00309,0.00028,-0.00096
-0.00055,0.03186,-0.01924,-0.03939,0.02794,0.00244,0.00082
0.00394,0.00595,0.04378,-0.0919,0.02492,0.00621,0.00377
0.00385,-0.00413,0.0367,-0.03134,-0.02367,0.02167,0.00224
0.00174,0.00088,0.00377,0.02063,-0.03643,0.0154,0.00079
-0.00185,-0.00194,-0.00887,0.01766,-0.00553,-0.00131,0.00212
