col1,col2,col3,col4,col5,col6,col7
-0.00046,-0.00026,-0.00271,0.01397,-0.00807,-0.00315,0.0011
-0.00129,-0.00185,0.00154,0.03056,-0.0394,0.00967,0.00098
-0.00086,-0.00805,0.03317,-0.00545,-0.0394,0.02148,-0.00061
-0.00071,-0.00507,0.05513,-0.07194,0.01171,0.01164,-8e-05
-0.00207,0.01234,0.01777,-0.0639,0.03718,-0.0013,0.00029
-0.0015,0.01805,-0.02343,-0.00786,0.01612,-0.0012,-0.00058
0.00015,0.006,-0.01755,0.00982,0.00069,0.00076,-0.00063
