col1,col2,col3,col4,col5,col6,col7
0.00015,-0.00254,-0.00224,0.00158,0.00108,0.00078,0.00272
0.0094,0.03328,0.02553,0.00158,-0.00214,0.00086,-0.00244
-0.03414,-0.04244,0.01312,0.06941,0.03391,-0.00479,-0.00859
0.01663,-0.00083,-0.05496,-0.0658,0.00951,0.02992,0.01344
0.00207,-0.00143,0.01254,-0.01242,-0.04225,-0.02764,1e-04
0.00283,0.00153,0.00371,0.00449,0.01278,0.00525,-0.00156
0.00172,-0.00286,0.00194,-5e-05,0.00045,-0.00171,0.0006
