col1,col2,col3,col4,col5,col6,col7
0.00414,0.0062,0.01613,-0.01936,0.00088,-0.00437,-0.0016
0.00191,0.00976,-0.01455,0.00556,0.00948,-0.01088,-0.00068
-0.00245,0.0168,-0.04864,0.03721,0.01097,-0.01589,0.00105
-0.00843,0.0223,-0.07343,0.05764,0.01632,-0.02117,-0.0007
-0.00427,0.0184,-0.05673,0.04407,0.01425,-0.01785,0.00023
-0.00027,0.00983,-0.01811,0.00912,0.01042,-0.01101,0.0002
0.0046,0.0063,0.01498,-0.01938,0.00211,-0.0052,-0.00203
