col1,col2,col3,col4,col5,col6,col7
0.00292,0.00237,-0.00068,0.00186,0.00097,-0.00183,-0.00348
-0.00828,0.00464,0.02448,0.01791,-0.00092,0.00015,0.00253
0.00462,-0.03643,-0.0608,-0.01473,0.02605,0.01834,0.00748
0.00805,0.03539,0.02215,-0.06542,-0.08184,-0.02429,-0.00099
0.00046,-0.00176,0.01872,0.06122,0.03949,-0.00852,-0.01169
-0.00212,-0.00033,-0.0029,-0.00387,0.00477,0.01659,0.00462
-0.00048,0.0018,-0.00146,0.00637,0.00258,-0.00101,-0.00202
