col1,col2,col3,col4,col5,col6,col7
0.00137,0.00438,0.00154,-0.00087,-0.00404,0.0055,-0.00247
-0.018,-0.00982,-0.0039,0.02114,-0.00135,-0.00188,-0.006
0.02776,-0.0166,-0.04246,-0.03904,0.01656,0.01825,0.02296
-0.00645,0.03239,0.01888,-0.05318,-0.09419,-0.02524,-0.02189
0.00146,0.00489,0.03297,0.09101,0.05694,-0.00103,-0.00555
-0.00393,0.00157,-0.01607,-0.00936,0.00057,0.0139,0.00317
-0.00062,0.0041,-0.0046,0.00982,-0.00153,-0.00067,-5e-05
