col1,col2,col3,col4,col5,col6,col7
0.00012,0.00136,0.00061,0.00376,-0.00559,-0.00652,0.00328
0.00129,0.00093,0.00881,-0.01569,-0.02547,0.01994,0.00358
0.0006,0.00886,-0.02181,-0.04709,0.05089,0.0139,-0.00876
0.00392,-0.0159,-0.04661,0.06882,0.02572,-0.02479,-0.00136
-0.00568,-0.02544,0.05039,0.0259,-0.03399,-0.00279,-0.0002
-0.00666,0.02,0.01369,-0.02495,-0.00262,0.00041,0.00034
0.00319,0.00371,-0.00881,-0.0014,-0.0003,0.0002,0.00036
