col1,col2,col3,col4,col5,col6,col7
-0.00057,-9e-05,-0.00239,0.0005,-0.00469,0.00641,0.00118
-0.00015,0.00115,-0.00905,-0.0095,0.02989,0.00944,-0.0065
-0.00243,-0.00878,-0.02429,0.06681,0.02414,-0.03515,-0.00393
0.00056,-0.00952,0.06702,0.0442,-0.07541,-0.00446,0.00349
-0.00437,0.03045,0.02403,-0.07511,-0.01284,0.00482,-0.00164
0.00622,0.00937,-0.03466,-0.00445,0.00369,0.00167,0.00101
0.00109,-0.00623,-0.00373,0.00313,-0.0018,0.00111,7e-05
