col1,col2,col3,col4,col5,col6,col7
0.00154,0.00356,-0.00258,0.00292,-0.00039,-0.00298,-0.00317
-0.00389,0.00206,-0.00381,-0.01538,-0.01611,0.00596,0.0084
-0.01384,-0.02324,-0.02059,0.0387,0.06354,0.02092,-0.01508
0.00929,0.04061,0.07621,0.03408,-0.03934,-0.02821,0.0025
0.01414,-0.00215,-0.05475,-0.05947,-0.01459,0.00211,-0.00033
-0.00802,-0.0121,0.00333,0.0112,0.00022,-0.00012,0.0014
0.00326,0.00295,-0.00396,-0.00162,-0.00057,-0.00137,-0.00032
