col1,col2,col3,col4,col5,col6,col7
0.00125,-0.0012,0.00052,0.01391,-0.01934,0.00518,2e-05
-0.00059,-0.00217,-0.00505,0.03734,-0.03577,0.0065,-0.00126
-0.00213,-0.00573,-0.00584,0.05282,-0.04833,0.00661,0.00062
0.00119,-0.00702,0.00498,0.06637,-0.06082,0.00153,-0.00382
-0.0002,-0.00544,-0.00016,0.05892,-0.05326,0.00286,-0.00302
-0.00144,-0.00306,-0.00361,0.03661,-0.03453,0.0049,-0.00069
0.00136,-0.00069,0.00122,0.01307,-0.01825,0.00455,-0.00013
