col1,col2,col3,col4,col5,col6,col7
-0.00054,-0.0012,0.01944,-0.02202,-0.00682,0.00898,-8e-05
-0.00373,-0.00687,0.01753,-0.05684,0.02443,0.00713,-0.00501
0.0023,0.01127,-0.01231,-0.05888,0.06948,-0.00571,0.0073
-0.00138,-0.00516,-0.05625,0.00303,0.06367,-0.02344,-0.00113
0.00625,-0.02006,-0.01551,0.0387,0.01604,-0.00552,0.00609
0.00306,-0.02427,0.01389,0.01079,-0.00216,-0.00229,-0.00442
-7e-05,-0.01509,0.04207,-0.0271,0.00696,-0.00046,0.0024
