col1,col2,col3,col4,col5,col6,col7
0.00085,0.00672,-0.03198,0.02122,7e-05,0.00168,0.00106
-0.00195,0.03455,-0.05873,0.01624,-0.00237,0.001,-0.00225
-0.00232,0.03805,-0.01481,-0.04345,0.01936,0.00246,0.00111
0.00091,0.01188,0.05804,-0.08842,0.0134,0.00261,0.00098
0.00169,-0.00193,0.04516,-0.02503,-0.02224,0.01174,0.00084
0.00086,-0.0008,0.00512,0.01756,-0.02527,0.00708,-0.00109
0.00145,-0.00246,-0.00476,0.01232,-0.0033,-0.00092,9e-05
