col1,col2,col3,col4,col5,col6,col7
0.00118,-0.00412,-0.00608,0.01382,-0.00338,-0.00041,-0.0005
0.0012,0.00749,-0.03754,0.03365,-0.00116,-0.00176,-0.00142
-0.00045,0.02074,-0.04345,0.00257,0.03082,-0.00845,-0.0011
-0.00019,0.01316,0.00366,-0.0667,0.059,-0.00737,-0.00085
0.00037,5e-05,0.03309,-0.06657,0.02552,0.01,-0.00205
-0.0004,-0.00107,0.01652,-0.01209,-0.01966,0.01806,-0.00158
-0.00056,0.00068,0.00137,0.00833,-0.01758,0.00697,0.00024
