col1,col2,col3,col4,col5,col6,col7
-0.00096,0.00098,0.00318,-0.00284,-0.00036,0.00152,-0.001
0.00184,0.003,0.00751,0.00807,0.008,0.00507,0.00155
0.00102,0.00403,0.00303,-0.01455,-0.00839,0.00043,0.00027
-0.01607,-0.03562,-0.04658,-0.06014,-0.0539,-0.03426,-0.01495
0.01995,0.03621,0.04899,0.06531,0.05761,0.03573,0.01781
-0.00576,-0.00851,-0.01124,-0.00501,-0.00618,-0.00693,-0.00396
-0.00022,0.00097,-0.00115,0.00482,0.00325,-3e-05,-0.00044
