col1,col2,col3,col4,col5,col6,col7
-0.00192,-0.01173,0.03939,-0.02908,0.00227,0.00167,-0.00116
0.00379,-0.03203,0.05079,-0.01303,0.00429,-0.00192,0.00342
0.00391,-0.03591,0.0035,0.05395,-0.0276,5e-05,-0.00536
0.00347,-0.00965,-0.05235,0.06155,0.01989,-0.01748,0.00628
-0.00569,0.00382,-0.03213,-0.01377,0.04629,-0.01585,-0.00023
0.00351,-0.00264,0.00433,-0.02983,0.02737,-0.00191,0.00129
-0.00297,-0.00362,0.02223,-0.02948,0.00232,0.00612,-0.00224
