col1,col2,col3,col4,col5,col6,col7
-1e-04,0.00197,-0.00485,0.01875,-0.01441,-0.00041,0.00073
0.0004,-0.00274,0.01544,-0.00531,-0.02392,0.01568,-0.00026
0.00125,0.00134,0.04409,-0.05828,0.00315,0.01615,-0.00339
-0.00273,0.02495,0.01148,-0.10381,0.06553,-0.00254,0.00357
-0.00165,0.03046,-0.04958,-0.01389,0.03989,-0.00772,0.00176
-0.0004,0.01359,-0.03843,0.02794,-0.00281,0.00189,-0.00018
0.00306,-0.00106,-0.01934,0.02403,-0.003,-0.00267,0.00046
