col1,col2,col3,col4,col5,col6,col7
0.00096,8e-05,0.00289,-0.00222,0.01058,-0.00456,-0.00261
0.00078,0.0008,0.00699,0.02282,-0.01759,-0.02089,0.011
0.00293,0.00714,0.03521,-0.03888,-0.05019,0.03038,0.00303
-0.00159,0.02297,-0.03845,-0.07506,0.0513,0.00816,0.0
0.01013,-0.01846,-0.05082,0.05071,0.01223,-0.0003,0.00087
-0.00417,-0.02075,0.03131,0.00852,0.00094,-0.00047,0.00106
-0.00282,0.0111,0.00279,0.00025,0.00163,0.00072,0.00147
