col1,col2,col3,col4,col5,col6,col7
0.00098,-0.01048,0.01239,0.00361,-0.00139,-0.00208,-0.00078
0.00203,-0.0071,-0.01843,0.0384,-0.00244,-0.00111,0.00085
-0.00092,0.00838,-0.06414,0.04765,0.01884,-0.00654,-0.00101
-0.00021,0.01301,-0.04106,-0.03604,0.07378,-0.00855,0.0017
-0.00045,0.0011,0.01136,-0.0849,0.06161,-0.00015,0.00034
-0.00024,-5e-05,0.01691,-0.03553,0.00448,0.01057,-0.00016
-0.00135,0.00144,0.00663,-0.0049,-0.01278,0.00639,-0.00063
