col1,col2,col3,col4,col5,col6,col7
-0.00092,0.00621,-0.02846,0.02251,-0.01039,0.00085,-0.00437
0.0092,0.0178,-0.00755,0.04456,0.01273,0.0088,0.01784
-0.03638,-0.00767,0.00949,0.1022,0.00893,-0.00051,-0.0511
0.03161,0.04456,0.10333,0.30553,0.14393,0.02183,0.04701
-0.01501,0.00928,0.00962,0.13752,0.0343,0.00164,-0.01478
0.00259,0.0101,-0.00116,0.02369,0.00427,0.00266,0.00372
-0.00361,0.01289,-0.04243,0.03784,-0.00905,-0.0003,-0.00053
