col1,col2,col3,col4,col5,col6,col7
-0.00031,-0.00151,-0.00281,-0.00522,0.00256,0.00206,0.00175
0.00205,0.0008,0.006,-0.00514,-0.02709,-0.02979,-0.00803
0.00942,-0.00165,-0.03393,-0.04668,0.01067,0.0467,0.02852
-0.02273,-0.03023,0.01445,0.08786,0.05059,-0.01333,-0.0194
0.00687,0.04038,0.03473,-0.01773,-0.02328,5e-05,0.00041
0.00407,-0.01472,-0.02276,-0.01128,-0.00351,-0.00358,0.00139
-0.00328,-0.00129,0.00079,-0.00531,-0.00043,-1e-04,-0.00139
