col1,col2,col3,col4,col5,col6,col7
0.01352,0.00487,-0.03514,0.01671,-0.01797,-0.00354,0.02652
0.00423,-0.00199,-0.0181,0.04257,-0.00148,-0.01155,0.01147
-0.03777,-0.01885,0.04703,0.1217,0.06557,-0.02824,-0.04838
0.02065,0.04306,0.11701,0.23649,0.16143,0.03868,0.01109
-0.01591,-0.0009,0.06215,0.16179,0.09775,-0.00665,-0.02214
-0.00502,-0.01183,-0.0272,0.038,-0.00688,-0.03007,-0.00288
0.02584,0.0113,-0.04545,0.0096,-0.02271,-0.00278,0.03791
