col1,col2,col3,col4,col5,col6,col7
-0.00219,0.00027,-0.00395,-0.00279,0.00665,0.00677,-0.00295
0.00014,0.00377,-0.01196,0.03486,0.03012,-0.01494,0.00015
-0.00426,-0.01166,0.03674,0.05655,-0.06156,-0.01429,-0.00105
-0.00281,0.03537,0.0558,-0.08325,-0.02325,0.0152,0.00366
0.00695,0.03003,-0.06113,-0.02303,0.0124,-0.00163,-0.00045
0.0069,-0.0151,-0.01416,0.01509,-0.0017,0.00126,0.00068
-0.00278,-0.00022,-0.0008,0.00383,-0.0004,0.00056,1e-04
