col1,col2,col3,col4,col5,col6,col7
-0.0006,0.00183,0.00752,-0.00252,-0.01534,0.00769,-0.00025
-0.00147,-0.00209,0.01978,-0.04024,0.00069,0.01272,-0.00107
0.00133,0.00208,0.0201,-0.0892,0.05937,0.00305,0.00126
-0.00093,0.0135,-0.03877,-0.04459,0.0748,-0.00886,0.00057
-0.00045,0.01279,-0.06452,0.03955,0.02568,-0.00467,0.00059
0.00113,-0.00456,-0.02096,0.0335,-0.00177,-0.00191,-0.00055
0.00117,-0.00775,0.00879,0.00457,-0.00017,-0.00129,-6e-05
