col1,col2,col3,col4,col5,col6,col7
-0.00034,0.0013,-0.00354,0.00473,-0.00138,-0.00148,-0.00262
6e-05,0.00977,-0.01037,-0.01655,-0.0149,0.00231,0.00956
-0.01165,-0.02476,-0.02645,0.02514,0.05009,0.02317,-0.00737
0.00061,0.03997,0.07584,0.07857,-0.00905,-0.03094,-0.00518
0.01567,0.0024,-0.03909,-0.0859,-0.04409,0.00653,-0.00146
-0.00436,-0.01532,-0.00987,0.01391,0.00843,-0.00057,0.00247
-0.0005,0.00198,-0.00037,-0.00218,-0.00543,0.00409,-0.0022
