col1,col2,col3,col4,col5,col6,col7
-0.00104,-0.0005,-0.00915,0.00932,0.00177,-6e-05,-0.00027
-0.00079,0.00122,-0.00285,0.01906,0.00587,0.00033,-0.00076
-0.01024,-0.00306,0.03501,0.11259,0.04452,-0.00426,-0.01079
0.01043,0.01915,0.11255,0.26595,0.12557,0.01832,0.01084
0.00201,0.00584,0.04433,0.1252,0.05552,0.00474,0.00243
0.00035,0.00045,-0.00383,0.01823,0.00487,-0.00129,6e-05
-1e-05,-0.00064,-0.00974,0.00995,0.00227,-0.00023,0.00129
