col1,col2,col3,col4,col5,col6,col7
-0.00478,0.00482,0.00621,-0.00264,0.0012,-0.00157,-0.00094
-0.00056,-0.02216,0.0243,0.02531,-0.00208,0.00058,0.00056
0.00482,-0.0087,-0.07067,0.0456,0.03288,-0.00595,-0.00062
0.00185,0.02747,-0.01336,-0.09847,0.04598,0.02072,0.00021
-1e-05,0.00085,0.0358,-0.01525,-0.06244,0.01891,0.00459
0.00018,0.00056,0.00246,0.02038,-0.00407,-0.01709,0.00394
1e-05,-0.00022,0.00141,-0.00094,0.00586,-0.00152,-0.00212
