col1,col2,col3,col4,col5,col6,col7
0.00043,-0.00175,-0.0052,0.01814,-0.00801,-0.00197,0.0002
0.0005,-0.00125,0.00434,0.02768,-0.03573,0.00991,4e-05
0.00097,-0.00481,0.04277,-0.02257,-0.03038,0.01756,-0.00097
0.00159,0.00553,0.05888,-0.09969,0.02583,0.00802,0.00162
-0.00085,0.02206,-0.00068,-0.06046,0.03482,-0.00058,0.00035
-0.00062,0.01922,-0.03578,0.0094,0.00655,0.0002,-0.0003
-0.00026,0.00422,-0.02216,0.01633,-0.0005,-0.00022,-0.00049
