col1,col2,col3,col4,col5,col6,col7
-0.00036,-0.00165,-1e-05,0.00126,0.00139,-1e-05,0.00091
0.00898,0.02029,0.01324,-0.00361,-0.00325,-0.00152,-0.00226
-0.02723,-0.02365,0.03122,0.06917,0.02909,-0.00626,-0.00805
0.01403,-0.01233,-0.07093,-0.06142,0.02262,0.03722,0.01575
0.00063,0.00735,0.02008,-0.01886,-0.05389,-0.02706,0.00146
0.00184,0.00064,0.00335,0.01108,0.01501,0.00207,-0.00367
0.00038,-0.00136,0.00136,-0.00035,-0.00044,-0.00041,0.00069
