col1,col2,col3,col4,col5,col6,col7
-0.00059,-0.01063,0.00334,0.00927,-0.00683,0.00294,0.00162
0.00065,-0.01697,0.02646,0.00822,-0.01933,0.00225,-0.00067
-0.00063,-0.02486,0.04734,0.00183,-0.02875,0.00338,6e-05
0.0008,-0.02787,0.06661,0.00218,-0.03835,0.00116,-0.00187
0.00014,-0.02352,0.04877,0.00451,-0.03025,0.00167,-0.00121
0.00036,-0.01461,0.0194,0.00868,-0.0159,0.00218,-0.00016
0.00019,-0.00945,0.00116,0.01111,-0.00643,0.00251,0.00095
