col1,col2,col3,col4,col5,col6,col7
0.00157,-0.00026,0.00634,-0.00265,-0.00092,0.00752,-0.00055
-0.01617,-0.01319,0.00215,-0.00299,-0.0056,-0.00918,-0.02245
0.04188,-0.00437,-0.02309,-0.05293,-0.02285,0.00243,0.05136
-0.04357,-0.01034,0.00513,0.01665,-0.00341,-0.00926,-0.05165
0.01686,0.03383,0.02458,0.05708,0.04355,0.0196,0.02096
0.00039,-0.01125,-0.01131,-0.02548,-0.01524,-0.00953,0.00071
-0.00214,0.0049,-0.00255,0.009,0.00416,-0.00021,-0.00029
