col1,col2,col3,col4,col5,col6,col7
0.00043,-0.00086,-0.00264,-0.00355,0.01575,-0.00885,0.00027
-0.00011,0.00042,-0.01729,0.02549,0.00548,-0.01567,0.00204
-0.00088,-0.00322,-0.02199,0.06885,-0.0426,-0.00228,0.0019
-0.00011,-0.01626,0.0185,0.04271,-0.05886,0.01273,0.00081
-0.00022,-0.01757,0.05381,-0.02796,-0.0187,0.00856,0.00144
-0.00188,-0.00075,0.03087,-0.03916,0.00772,0.00139,0.00139
-0.0012,0.00695,-0.00052,-0.01066,0.00376,0.00071,0.00012
