col1,col2,col3,col4,col5,col6,col7
-0.00348,0.01265,-0.02091,0.0026,0.00054,0.00253,0.00184
-0.00489,0.01116,0.01055,-0.02997,0.00256,0.00138,-0.00258
0.00038,-0.00985,0.05998,-0.04661,-0.00569,0.00519,0.00168
-0.00083,-0.01733,0.04093,0.02179,-0.05734,0.00845,-0.00496
0.00096,-0.0007,-0.01001,0.0759,-0.06044,0.00729,-0.00264
0.0026,0.00036,-0.01928,0.03998,-0.0103,-0.00999,0.00079
0.00326,-0.00413,-0.01214,0.01065,0.01088,-0.00579,0.00426
