col1,col2,col3,col4,col5,col6,col7
-0.00063,0.01757,-0.03891,0.03454,-0.01089,-0.00112,0.00061
-0.00177,0.01259,0.0011,-0.00138,-0.01929,0.00928,-0.00166
-0.00387,0.00667,0.02562,-0.02688,-0.00927,0.01019,-0.00123
-0.00105,0.00605,0.05368,-0.05153,-0.02111,0.01933,-0.00393
0.00034,0.00931,0.01793,-0.01798,-0.01774,0.01036,-0.00265
-0.00567,0.01269,-0.00196,0.00155,-0.01364,0.00791,1e-05
0.00186,0.01744,-0.04796,0.04371,-0.01314,-0.00151,0.00023
