col1,col2,col3,col4,col5,col6,col7
0.00642,-0.009,-0.00654,0.00208,-0.00208,0.00059,0.00022
-0.00148,0.02836,-0.02736,-0.02088,-0.00053,-0.00162,-0.00282
-0.00701,0.00816,0.0698,-0.03679,-0.02235,0.00379,0.0014
-0.00278,-0.02755,0.01286,0.08996,-0.03944,-0.01626,-0.00218
-0.00077,-0.00117,-0.0302,0.01432,0.06202,-0.02096,-0.00376
-0.00035,-0.00093,-0.00329,-0.0193,0.00203,0.02251,-0.00823
-0.00118,-0.00033,-0.00337,0.00252,-0.0085,-0.00124,0.00058
