col1,col2,col3,col4,col5,col6,col7
0.00018,0.00405,-0.02319,0.01912,-5e-05,1e-04,-0.00018
-0.00081,0.02051,-0.04427,0.0138,0.00791,-0.00074,-0.00084
-0.00059,0.02402,-0.00947,-0.05438,0.04032,-0.0014,0.00072
0.00134,0.00579,0.05499,-0.10447,0.03334,0.00723,0.00112
0.00142,-0.00343,0.0445,-0.03593,-0.02048,0.01806,-0.00027
7e-05,-0.00154,0.00594,0.01874,-0.03028,0.01002,-0.00041
-2e-05,-0.00139,-0.00405,0.01485,-0.00773,-0.00068,0.00017
