col1,col2,col3,col4,col5,col6,col7
-0.00077,-0.00136,0.00237,0.00711,-0.01057,0.00165,0.00136
-0.00095,-0.00296,0.00345,0.01667,-0.02292,0.0043,0.0025
-0.00117,-0.00471,0.00415,0.02598,-0.03475,0.00714,0.00335
-0.00134,-0.00548,0.00456,0.03053,-0.04047,0.00848,0.00376
-0.00117,-0.00492,0.00428,0.02627,-0.03522,0.0072,0.00338
-0.00101,-0.00308,0.00355,0.01675,-0.02304,0.00451,0.00249
-0.00071,-0.00139,0.00243,0.00712,-0.01069,0.00163,0.00136
