col1,col2,col3,col4,col5,col6,col7
-0.00024,-0.00039,0.00337,-0.00298,0.01012,-0.00757,-0.00033
-0.00053,-0.00808,0.01627,0.01157,-0.02509,-0.01369,0.00447
0.00378,0.01553,0.0332,-0.0586,-0.0251,0.02807,0.00844
-0.0031,0.01205,-0.05789,-0.06129,0.06168,0.00688,-0.0064
0.01021,-0.02615,-0.0253,0.06116,0.02721,-0.01063,0.00721
-0.00836,-0.01252,0.02837,0.00653,-0.00822,-0.00045,-0.0039
0.00011,0.00461,0.00765,-0.00601,0.00699,-0.00458,0.00258
