col1,col2,col3,col4,col5,col6,col7
0.00119,0.00066,-0.01289,0.01931,-0.00864,-0.0004,0.00045
0.00246,0.00258,-0.02957,0.04462,-0.021,-2e-05,0.00125
0.00338,0.00463,-0.04594,0.06941,-0.03373,0.00066,0.00193
0.00387,0.00549,-0.05372,0.08137,-0.0396,0.00085,0.00225
0.00352,0.00444,-0.04639,0.07015,-0.03405,0.00075,0.00192
0.00236,0.00255,-0.02964,0.04496,-0.02131,1e-04,0.0012
0.00125,0.00052,-0.01293,0.01934,-0.00856,-0.00036,0.00047
