col1,col2,col3,col4,col5,col6,col7
-0.00213,0.0084,0.00228,-0.00465,-0.00059,-0.00112,6e-05
-0.00658,-0.01305,0.03181,0.00675,-0.0099,-0.00091,-0.00126
0.00716,-0.02462,-0.03272,0.06011,0.00887,-0.01034,-0.00068
0.00309,0.01991,-0.04579,-0.04513,0.0601,0.00677,-0.00451
0.00026,0.00623,0.02724,-0.04574,-0.03327,0.03202,0.00239
0.00024,9e-05,0.00629,0.01972,-0.02492,-0.01297,0.00841
-0.00047,0.00026,0.00034,0.00278,0.00705,-0.00634,-0.00202
