col1,col2,col3,col4,col5,col6,col7
-0.00447,-0.00669,0.00335,0.00615,-0.00018,0.0012,0.001
0.01109,-0.01853,-0.03602,0.02152,0.00238,-0.00057,-0.00103
0.00666,0.04892,-0.04829,-0.05042,0.02316,0.00578,0.0038
-0.00664,0.01704,0.0723,-0.06092,-0.04671,0.00894,-0.00378
-0.00046,-0.00204,0.01444,0.06617,-0.03482,-0.01391,0.0039
-0.00239,0.00276,-0.00742,0.00949,0.02309,-0.00852,-0.00229
-0.00183,0.00235,-0.0023,0.00219,-0.00015,0.00436,-0.00101
