col1,col2,col3,col4,col5,col6,col7
0.00053,-0.00093,-0.00117,-0.00081,-0.00067,-0.0011,0.00051
0.00661,0.00725,0.00867,0.00921,0.00778,0.00531,0.00527
0.00043,-0.02374,-0.04991,-0.0636,-0.04868,-0.0184,0.00467
0.00376,0.04172,0.07594,0.10675,0.08185,0.03249,0.0009
-0.01159,-0.01981,-0.03128,-0.0372,-0.03062,-0.01613,-0.00925
1e-05,-0.00349,-0.00486,-0.01126,-0.00792,-0.00267,-0.00148
-0.00014,-0.0013,0.00028,-0.00312,-0.00175,-0.00026,-0.00119
