col1,col2,col3,col4,col5,col6,col7
0.00149,-0.00234,-0.00739,-0.00307,0.01587,-0.00572,0.00153
0.0023,0.00183,-0.02131,0.02424,0.01495,-0.01715,0.00186
-0.00361,-0.00023,-0.0328,0.07742,-0.0361,-0.00635,-0.00373
-0.00014,-0.01644,0.01399,0.0679,-0.06123,0.00532,-0.00319
0.00059,-0.02661,0.06237,-0.01466,-0.02207,-0.00035,-0.00081
-0.00166,-0.0071,0.0379,-0.03061,0.00054,-0.00048,-0.00198
-0.00199,0.00432,-0.00152,-0.00564,-0.0016,0.0026,9e-05
