col1,col2,col3,col4,col5,col6,col7
0.0002,0.00289,-0.00065,0.0057,-0.0061,-0.00144,-0.00074
-0.00025,0.00367,-0.02253,0.03632,-0.01396,-0.00262,3e-05
-0.00015,0.00487,-0.04916,0.07413,-0.02579,-0.00483,0.00054
-0.00109,0.00539,-0.06446,0.09747,-0.0318,-0.00723,-0.00043
-0.00085,0.00489,-0.0501,0.07627,-0.0255,-0.00552,2e-05
-0.0005,0.00346,-0.01968,0.03164,-0.0131,-0.00223,0.0002
0.00029,0.00292,0.00107,0.00345,-0.00521,-0.00127,-0.00059
