col1,col2,col3,col4,col5,col6,col7
0.00064,0.00129,-0.00016,0.00194,-0.00025,-0.00121,-0.00084
-0.00277,-4e-05,-0.00576,-0.00379,0.00986,0.01772,0.00813
-0.00984,-0.00852,0.02247,0.07076,0.03869,-0.01679,-0.02449
0.01793,0.04654,0.03424,-0.05448,-0.07297,-0.01226,0.01166
0.00211,-0.02969,-0.05909,-0.02366,0.01228,0.00687,-0.00072
-0.00527,0.0013,0.01295,0.01225,0.00242,0.00169,0.00112
0.00032,0.00058,-0.0015,0.0008,-0.00022,0.00015,-0.00035
