col1,col2,col3,col4,col5,col6,col7
1e-05,1e-05,1e-04,0.00025,5e-05,4e-05,0.0
1e-05,0.00048,0.00501,0.01091,0.00505,0.00053,4e-05
0.00012,0.005,0.05212,0.11392,0.05294,0.00511,0.00013
0.00022,0.01093,0.11388,0.24888,0.11563,0.01111,0.00023
7e-05,0.00501,0.05233,0.11441,0.05313,0.00511,1e-04
4e-05,0.0005,0.00504,0.011,0.00507,0.00048,-0.0
0.0,-2e-05,0.00012,0.00024,4e-05,2e-05,-4e-05
