col1,col2,col3,col4,col5,col6,col7
-0.00673,0.00959,0.00718,-0.00432,-0.00021,-0.00187,-0.00155
-0.00324,-0.02623,0.03827,0.02537,-0.00077,0.00274,0.00264
0.00587,-0.02106,-0.06894,0.05978,0.02341,-0.00615,-0.00131
0.00428,0.02922,-0.02753,-0.08689,0.05372,0.01219,0.00076
-0.00021,0.00195,0.03058,-0.02625,-0.04894,0.01934,0.00082
0.00056,0.00039,0.00401,0.01254,-0.00592,-0.01247,0.00404
0.00067,-0.00034,0.0033,-0.00298,0.0043,-0.00119,-0.00109
