col1,col2,col3,col4,col5,col6,col7
-0.00119,0.00393,0.01326,-0.02379,9e-05,0.00743,-0.00386
-0.00292,0.00061,0.00706,-0.04474,0.03732,-0.00818,-0.00209
-0.0016,0.00687,-0.0231,-0.01765,0.05428,-0.02043,0.00238
-0.00515,0.00194,-0.05932,0.06457,0.00709,-0.01317,-0.00484
0.0028,-0.01895,-0.01641,0.06029,-0.01541,-0.00283,0.00063
0.00352,-0.02981,0.03558,-0.00124,-0.00093,-0.00291,0.0004
0.00335,-0.01063,0.03193,-0.01856,8e-05,0.00085,-0.0004
