col1,col2,col3,col4,col5,col6,col7
-0.00196,-0.00517,0.00063,0.00505,-0.00093,0.00163,0.00055
0.00696,-0.00924,-0.03538,0.01379,0.00324,0.00028,-0.00061
0.00447,0.0425,-0.03023,-0.06248,0.01742,0.00871,0.00262
-0.0057,0.00888,0.07546,-0.04149,-0.06592,0.00888,-0.00194
0.00139,-0.00404,0.01116,0.07835,-0.02658,-0.02491,0.00348
-0.00212,0.00059,-0.00971,0.00928,0.03038,-0.00735,-0.00528
-0.00085,0.00075,-0.00209,0.00139,0.00119,0.00596,-0.00099
