col1,col2,col3,col4,col5,col6,col7
3e-05,0.00028,-0.00508,0.00033,0.00407,0.00624,-0.00419
0.00101,0.00735,-0.01454,0.04186,0.02671,-0.01225,0.00417
-0.00612,-0.01399,0.03942,0.04703,-0.06702,-0.01619,-0.01216
0.00068,0.04421,0.04466,-0.06597,-0.02844,0.02365,0.01449
0.00384,0.0259,-0.06788,-0.02698,0.01283,0.00091,-0.00818
0.00676,-0.01177,-0.01701,0.02435,0.00039,0.00166,0.00403
-0.00425,0.00306,-0.01163,0.01449,-0.00744,0.00347,-0.00267
