col1,col2,col3,col4,col5,col6,col7
0.00205,-0.00227,-0.00445,-0.00374,0.00583,-0.00445,0.00285
0.00873,0.03258,0.0305,0.019,-0.00577,0.00423,0.00372
-0.04061,-0.05387,-0.01101,0.04152,0.04164,-0.0027,-0.02132
0.03442,0.01939,-0.05134,-0.07305,-0.01513,0.027,0.03039
-0.00448,-0.00542,0.03955,-0.00329,-0.03047,-0.03038,-0.00821
-0.00052,0.0027,-0.00483,0.01709,0.01629,0.00692,-0.00372
0.00164,-0.00426,0.00726,-0.0071,0.00106,-0.0028,0.00245
