col1,col2,col3,col4,col5,col6,col7
-3e-05,-0.00016,-0.00175,0.00027,-0.00875,0.00641,0.00276
-0.00028,-0.00051,-0.01234,-0.02654,0.02663,0.01287,-0.00712
-0.00175,-0.01228,-0.04342,0.06196,0.03574,-0.02718,0.0005
0.00012,-0.02651,0.0619,0.05607,-0.0616,-0.00241,-0.00149
-0.00838,0.02716,0.03608,-0.06168,-0.00484,-0.00148,0.00032
0.00608,0.01257,-0.02733,-0.00272,-0.00253,0.00129,-0.00089
0.00295,-0.00709,0.00057,-0.00193,0.00011,-0.00064,0.00016
