col1,col2,col3,col4,col5,col6,col7
0.00328,0.00294,-0.00891,-0.00115,-0.00018,0.00038,0.00041
-0.00635,0.02089,0.0116,-0.02564,-0.00178,0.00041,0.00049
-0.00613,-0.02364,0.05251,0.02197,-0.03472,-0.00218,-0.00028
0.00386,-0.01718,-0.04388,0.07206,0.02151,-0.02526,-0.00111
0.00047,0.0083,-0.02359,-0.0443,0.05344,0.01165,-0.00897
0.0012,0.0009,0.00844,-0.01705,-0.02391,0.02076,0.00296
0.00017,0.00135,0.00065,0.00354,-0.00606,-0.00621,0.00328
