col1,col2,col3,col4,col5,col6,col7
-0.00157,0.01434,-0.01583,-0.00267,0.00034,0.00299,0.00028
-0.00507,0.00326,0.02695,-0.03307,-0.00531,-4e-05,-0.00406
0.00019,-0.00596,0.04678,-0.00715,-0.04108,0.01554,0.0027
0.00064,-0.02224,0.02388,0.07644,-0.094,0.00919,-0.00932
0.00235,0.00183,-0.02843,0.09378,-0.04427,-0.00733,0.00272
-0.00351,0.00184,-0.01719,0.02056,0.00641,-0.01412,0.00038
0.00245,0.00144,-0.01062,0.00766,0.00998,-0.00398,4e-05
