col1,col2,col3,col4,col5,col6,col7
-0.00036,0.00074,-1e-05,0.00125,0.00121,0.00037,-0.00023
-0.00406,-0.00445,-0.00636,-0.00629,-0.00539,-0.00451,-0.00344
0.00017,0.02335,0.0495,0.06663,0.05232,0.02021,-0.00171
-0.00202,-0.03042,-0.06258,-0.08495,-0.06702,-0.026,-0.00046
0.00381,0.00724,0.01377,0.01523,0.01259,0.00733,0.0033
0.0021,0.00377,0.00666,0.00963,0.00728,0.00318,0.00205
0.00082,-0.00012,-0.00046,5e-05,-0.00011,-0.00027,0.00089
