col1,col2,col3,col4,col5,col6,col7
3e-05,-0.00098,-0.00133,-0.00066,-0.00146,-0.00225,-0.00069
-0.00082,-0.0007,-0.00721,-0.01643,-0.00749,0.0097,0.00924
-0.00398,-0.01347,0.00096,0.0478,0.05534,0.01185,-0.01055
0.00528,0.03808,0.05244,-0.00711,-0.05956,-0.03575,-0.0029
0.00821,-0.0177,-0.05612,-0.04116,0.00505,0.01485,0.00339
-0.00893,-0.00718,0.01022,0.01716,0.00654,0.00027,0.00094
0.00091,0.00226,0.00108,0.00045,0.00136,0.0008,-0.00015
