col1,col2,col3,col4,col5,col6,col7
0.00238,0.00463,0.00062,-0.00395,-0.00425,-0.0021,-0.00073
-0.01048,-0.02902,-0.02118,0.00364,0.00282,-0.00199,0.00211
0.03501,0.04071,-0.01324,-0.05891,-0.0269,0.00812,0.01526
-0.0183,0.00033,0.05639,0.06975,-0.01143,-0.03667,-0.02064
-0.00318,-0.00486,-0.0218,0.00906,0.05268,0.03812,-4e-05
-0.00086,-0.00108,-0.00524,-0.01048,-0.02397,-0.0087,0.00322
-0.00205,0.00214,-0.00205,-0.00063,-0.00092,-0.00141,-0.00431
