col1,col2,col3,col4,col5,col6,col7
-0.00448,-0.00171,0.00036,0.00994,0.00579,0.00111,-0.00426
-0.00599,-0.00868,-0.01533,-0.01992,-0.01716,-0.00983,-0.00676
-0.01762,0.01184,0.04462,0.07149,0.05654,0.02105,-0.01311
0.01903,-0.00815,-0.03936,-0.06618,-0.05333,-0.01672,0.0152
0.00054,-0.00576,-0.00594,-0.01157,-0.00974,-0.0065,0.00011
0.0048,0.01163,0.01669,0.02385,0.01931,0.01131,0.00595
0.00209,0.00076,-0.0018,0.00085,-0.00017,0.00023,0.00286
