col1,col2,col3,col4,col5,col6,col7
-0.00198,0.00315,0.01061,-0.01061,0.00462,-0.00422,1e-04
-0.00185,-0.01206,0.03787,0.0243,-0.00137,-0.00043,0.00497
-0.00189,-0.03775,-0.04394,0.04626,0.03124,-0.01692,-0.00692
0.00999,0.03055,-0.04776,-0.05893,0.06444,0.01776,0.00729
-0.00496,-0.00341,0.03512,-0.05899,-0.03798,0.0197,0.00069
0.00351,-0.00095,0.00666,0.01762,-0.01355,-0.01169,0.00751
-0.00074,-0.00338,0.00915,-0.01094,0.0108,-0.00854,8e-05
