col1,col2,col3,col4,col5,col6,col7
-0.00031,-0.00072,0.00187,2e-05,-0.00083,0.00056,0.00074
0.00045,-0.00229,-0.00096,0.01396,0.02346,0.00807,-0.00362
0.00321,0.01859,0.0413,0.0032,-0.05227,-0.03827,-0.00595
0.00852,-0.0166,-0.08422,-0.09469,-0.00479,0.03301,0.0131
-0.01719,-0.02029,0.02927,0.07462,0.04143,0.00187,-0.00046
0.00481,0.01604,0.01253,-0.00171,-0.00304,-0.00121,-0.00094
9e-05,-0.00082,0.00046,0.00145,0.00083,-0.00076,7e-05
