col1,col2,col3,col4,col5,col6,col7
-3e-05,-0.00151,0.00175,0.01152,-0.0122,0.00078,-9e-05
0.00013,-0.00356,0.00693,0.02694,-0.03323,0.00377,-7e-05
-0.00031,-0.00711,0.01141,0.04496,-0.0591,0.00864,0.00038
0.00046,-0.00754,0.01781,0.05791,-0.07775,0.00996,-0.00065
0.00041,-0.00623,0.01359,0.0469,-0.06184,0.00768,-0.00047
-0.00022,-0.00387,0.00501,0.02398,-0.02928,0.00362,0.00023
0.00029,-0.00133,0.00149,0.01042,-0.01016,0.00032,-5e-05
