col1,col2,col3,col4,col5,col6,col7
-0.0014,0.00072,-0.00309,0.00069,0.00093,0.01115,-0.00363
0.00082,0.00431,-0.00854,0.01784,0.03673,-0.01575,-0.00119
-0.00333,-0.00861,0.01382,0.0614,-0.05228,-0.0221,0.00079
0.00078,0.01813,0.06108,-0.06002,-0.03438,0.02039,0.00524
0.00162,0.0366,-0.05219,-0.03431,0.01731,-0.00105,-0.00023
0.01095,-0.01635,-0.02211,0.02039,-0.00138,0.00115,9e-05
-0.00329,-0.00149,0.00116,0.005,-0.00012,-5e-05,0.0007
