col1,col2,col3,col4,col5,col6,col7
-0.00235,-0.00698,0.00249,0.00603,-0.00095,0.00062,0.0014
0.01153,-0.01206,-0.0379,0.01751,0.00088,-0.00058,-0.00171
0.004,0.04599,-0.0293,-0.05344,0.01984,0.0072,0.00583
-0.00622,0.00325,0.06337,-0.03761,-0.0576,0.01068,-0.00527
0.00144,-0.00151,0.0024,0.06834,-0.02647,-0.02496,0.00704
-0.00095,0.00174,-0.00764,0.00487,0.03311,-0.00896,-0.00574
-0.00105,0.00264,-0.00478,0.00544,-0.00251,0.01016,-0.00039
