col1,col2,col3,col4,col5,col6,col7
-0.00053,0.00379,-1e-04,-0.01684,0.01179,-0.00067,0.00057
-0.00148,0.00306,-0.02155,-0.00433,0.02703,-0.0111,-0.00016
-0.0013,0.00166,-0.0549,0.06116,-0.00069,-0.0083,-0.00045
-0.00055,-0.0259,-0.0263,0.09281,-0.03701,-0.00173,-0.00292
0.00295,-0.0418,0.04615,0.01723,-0.01474,-0.0026,0.0008
0.00021,-0.02484,0.04969,-0.02578,0.00493,-0.0025,0.00031
-0.00085,-0.00174,0.01989,-0.01619,0.00123,0.00034,0.00016
