col1,col2,col3,col4,col5,col6,col7
0.00126,-0.00217,-0.00146,-0.00383,-0.00174,-0.00249,0.00245
0.01035,0.01133,0.01698,0.01979,0.01504,0.01347,0.0085
-0.02247,-0.0075,0.00278,0.00892,-0.00125,-0.00355,-0.02677
0.01193,-0.03659,-0.0552,-0.1084,-0.07582,-0.01423,0.01097
-0.00637,0.02869,0.04974,0.08836,0.06313,0.01349,-0.00637
0.00857,0.00178,-0.00609,-0.00969,-0.00512,0.00129,0.00983
-0.00215,0.00057,-0.00127,0.00497,0.00364,-0.00376,-0.00065
