col1,col2,col3,col4,col5,col6,col7
0.00132,0.00253,0.00341,0.00415,0.00368,0.00257,0.00137
0.0014,0.00382,0.00677,0.00813,0.00697,0.00401,0.00127
-0.01193,-0.02649,-0.04121,-0.04949,-0.04314,-0.02741,-0.01211
0.012,0.02768,0.04379,0.05268,0.04554,0.02855,0.01193
-0.00142,-0.00499,-0.00905,-0.01094,-0.00912,-0.00503,-0.00123
-0.00122,-0.00235,-0.00344,-0.00405,-0.00358,-0.00238,-0.00112
-0.00024,-0.00026,-0.0002,-0.00015,-0.00026,-0.00032,-0.00043
