col1,col2,col3,col4,col5,col6,col7
0.00076,0.00243,0.00045,0.00208,-0.00306,-0.00153,0.00051
-0.00478,-0.00033,-0.00552,0.01348,0.03312,0.02836,0.0061
-0.00796,0.00543,0.04507,0.05504,-0.01179,-0.0412,-0.02464
0.02225,0.03194,-0.01878,-0.08724,-0.04299,0.01325,0.01513
-0.00569,-0.0351,-0.02918,0.0105,0.01024,-0.00497,-0.00172
-0.00204,0.00917,0.01162,0.00508,0.00356,0.0036,0.00033
0.00035,-0.00054,-0.00062,0.0028,-0.00083,-0.00039,0.00043
