col1,col2,col3,col4,col5,col6,col7
0.00108,-0.00283,-0.01514,0.01248,0.01086,-0.00625,0.0011
0.00244,0.00393,-0.02875,0.06103,-0.02298,-0.00219,-0.00072
-0.00099,-0.00836,-0.00468,0.07363,-0.06396,0.00651,-0.0023
0.00249,-0.02038,0.06741,-0.00749,-0.0465,0.00677,0.00017
-0.00119,-0.00724,0.05903,-0.05415,-0.00632,0.00127,-0.00021
-0.00309,0.01307,0.00544,-0.02051,9e-05,0.00137,0.00018
-0.00066,0.00835,-0.01295,-0.00022,0.00079,0.0007,0.00038
