col1,col2,col3,col4,col5,col6,col7
-0.00066,-0.00099,-0.00017,-0.00044,-0.00135,-1e-04,0.00081
0.0002,-0.00181,-0.00496,0.00503,0.02028,0.01536,0.00127
-0.00096,0.01093,0.03985,0.03547,-0.01567,-0.03656,-0.01391
0.01364,0.01071,-0.04278,-0.08374,-0.0374,0.01551,0.01399
-0.01559,-0.03514,-0.00876,0.04265,0.04123,0.00905,-0.00123
0.00242,0.01673,0.01915,0.00261,-0.0057,-0.00165,0.00022
0.00062,-0.00041,-0.00163,-0.0005,-0.00067,-0.00121,-0.00075
